,Legends,Good,Good, ,Defined and mapped,Mapped AIRR to v1,Mapped AIRR to v1,Mapped AIRR to v1,Mapped to AIRR,Mapped to AIRR,Mapped to AIRR,Implemented in Spec,,Implemented,Implemented,Implemented,Implemented,Implemented,Implemented,Implemented,Implemented,Implemented,Implemented,Implemented,Implemented,Implemented,Implemented,Implemented,,,,,,,Legends,Good,,,,,,,,,,,,
,,Duplicate MiAIRR/Formats,Duplicate MiAIRR/Formats, ,"In AIRR, needs to be added to Curator",Duplicate MiAIRR/Formats,Duplicate MiAIRR/Formats,Duplicate MiAIRR/Formats,Duplicate MiAIRR/Formats,Duplicate MiAIRR/Formats,Duplicate MiAIRR/Formats,Duplicate MiAIRR/Formats,,Duplicate MiAIRR/Formats,Duplicate MiAIRR/Formats,Duplicate MiAIRR/Formats,Duplicate MiAIRR/Formats,Duplicate MiAIRR/Formats,Duplicate MiAIRR/Formats,Duplicate MiAIRR/Formats,Duplicate MiAIRR/Formats,Duplicate MiAIRR/Formats,Duplicate MiAIRR/Formats,Duplicate MiAIRR/Formats,Duplicate MiAIRR/Formats,Duplicate MiAIRR/Formats,Duplicate MiAIRR/Formats,Duplicate MiAIRR/Formats,,,,,,,,Duplicate MiAIRR/Formats,,,,,,,,,,,,
,,To be confirmed,To be confirmed, ,In Curator/AIRR not mapped to iReceptor, ,,,To be mapped,To be mapped,To be mapped,To be implemented,,To be implemented,To be implemented,To be implemented,To be implemented,To be implemented,To be implemented,To be implemented,To be implemented,To be implemented,To be implemented,To be implemented,To be implemented,To be implemented,To be implemented,To be implemented,,,,,,,,To be confirmed,,,,,,,,,,,,
,,AIRR discussion ongoing,Question, ,"In Curator, not in AIRR", ,,,,,,,,Problem,Problem,Problem,Problem,Problem,Problem,Problem,Problem,Problem,Problem,Problem,Problem,Problem,Problem,Problem,,,,,,,,AIRR discussion ongoing,,,,,,,,,,,,
,,,, ,,,,,,,,,,,,,,,,,,,,,,,,,,,,,,,,,,,,,,,,,,,,
AIRR 2017-10-11,AIRR 2017-11-01,AIRR 2017-11-01,AIRR, ,iReceptor,iReceptor,iReceptor,iReceptor,,,,iReceptor,,iReceptor,iReceptor,iReceptor,iReceptor,iReceptor,iReceptor,iReceptor,iReceptor,iReceptor,iReceptor,iReceptor,iReceptor,iReceptor,iReceptor,iReceptor,,AIRR v0.1.0,AIRR v0.1.0,AIRR v0.1.0,AIRR v0.1.0,,AIRR 2017-10-11,AIRR 2017-10-11,AIRR 2017-10-11,AIRR 2017-10-11,AIRR 2017-10-11,AIRR 2017-09-29,AIRR 2017-09-29,AIRR 2017-09-29,AIRR 2017-09-29,AIRR 2017-09-29,AIRR 2017-09-29,,,
Collection / subset,"MiAIRR v0.1.0
Field Designation","MiAIRR v0.1.0
Formats field name",Formats Rearrangement, ,Curator December Release,v1 Service,SQL Data Model (v1 view),vQuest SQL Mapping,vQuest Mapping,igBlast Mapping,MiXCR Mapping,"v2 Swagger API Response
(as of 2017-11-03)",v2 Dec 2017,v2 Swagger API Parameters (Get) /samples,v2 Swagger API Parameters (Post) /samples,v2 Swagger API Parameters (Post) /sequences_summary,v2 Swagger API Parameters (Post) /sequences_data,SQL Data Model (v2 AIRR view),v2 SQL IPA Service Response,v2 SQL IPA Service Parameters (Post),v2 Mongo IPA Service Response,v2 Mongo IPA Service Parameters (Post),v2 VDJServer Service Response,v2 VDJServer Service Parameters (Post),Mongo Data Model,Gateway Search,Gateway Long Name,Gateway Short Name,,Data type,Content format,MiAIRR content definition,Field value example,,MiAIRR field designation,AIRR Formats WG field name,Field value (example),Data type,Content type,Collection / subset,MiAIRR field designation,AIRR Formats WG field name,Field value (example),Data type,Content type,,,
1 / study,Study,study_id, , ,Bioproject_ID,sra_accession,sra_accession, ,,,,study_id,Y,study_id,study_id,,,study_id,study_id,study_id,study_id,study_id,study_id,study_id,study_id,study_id,Study,Study,,String ,Free text,Unique ID assigned by study registry,PRJNA001, ,Study,study_id,PRJNA349,String ,Alphanumeric UID assigned by NCBI,1 / study,Study,study_id,PRJNA349,String ,Alphanumeric UID assigned by NCBI,,,
1 / study,Study title,study_title, , ,Project_name,project_name,project_name, ,,,,study_title,Y,study_title,study_title,,,study_title,study_title,study_title,study_title,study_title,study_title,study_title,study_title,study_title,Study title,Study title,,String ,Free text,Descriptive study title,Effects of sun light exposure of the Treg repertoire, ,Study title,study_title,Publication or protocol title,String ,UID assigned by submitter,1 / study,Study title,study_title,Publication or protocol title,String ,UID assigned by submitter,,,
1 / study,Study type,study_description, , ,Study_description,project_type,project_type, ,,,,study_description,Y,study_description,study_description,,,study_description,study_description,study_description,study_description,study_description,study_description,study_description,study_description,study_description,Study type,Study type,,String,Controlled vocabulary,Generic study design,Placebo controlled phase 3 clinical trial, ,Study type,study_description,Placebo controlled phase 3 clinical trial,String,Free text,1 / study,Study type,study_description,Placebo controlled phase 3 clinical trial,String,Free text,,,
1 / study,Study inclusion/exclusion criteria,inclusion_exclusion_criteria, , ,inclusion_exclusion_criteria,,, ,,,,inclusion_exclusion_criteria, ,,,,,,,,,,,,,,Study inclusion/exclusion criteria,Study inclusion/exclusion criteria,,String,Free text,List of criteria for inclusion/exclusion for the study,Include: Clinical P. falciparum infection; Exclude: Seropositive for HIV, ,Study inclusion/exclusion criteria,inclusion_exclusion_criteria,,String,Free text,1 / study,Study inclusion/exclusion criteria,inclusion_exclusion_criteria,,String,Free text,,,
1 / study,Grant funding agency,grants, , ,Grants,,, ,,,,grants, ,,,,,,,,,,,,,,Grant funding agency,Grant funding agency,,String,Free text,Funding agencies and grant numbers,"NIH, award number R01GM987654", ,Grant funding agency,grants,NIH,String,Free text,1 / study,Grant funding agency,grants,NIH,String,Free text,,,
1 / study,Contact information (data collection),collected_by, , ,First_Authors_and_PI_year,,, ,,,,collected_by, ,,,,,,,,,,,,,,Contact information (data collection),Contact information (data collection),,String,Free text,"Full contact information of the corresponding author, i.e. who is legally responsible for data collection and release. This should include an e-mail address.",p.stibbons@unseenu.edu, ,Lab name,lab_name,Stibbons Lab,String,Free text,1 / study,Lab name,lab_name,abc Lab,String,Free text,,,
1 / study,Lab name,lab_name, , ,Lab_name,lab_name,lab_name, ,,,,lab_name,Y,lab_name,lab_name,,,lab_name,lab_name,lab_name,lab_name,lab_name,lab_name,lab_name,lab_name,lab_name,Lab name,Lab name,,String,Free text,Department of corresponding author,Stibbons Lab, ,Contact information (data collection),collected_by,p.stibbons@unseenu.edu,String,RFC6530-compliant email address,1 / study,Contact information (data collection),collected_by,p.stibbons@unseenu.edu,String,RFC6530-compliant email address,,,
1 / study,Lab address,lab_address, , ,Center_Name,,, ,,,,lab_address, ,,,,,,,,,,,,,,Lab address,Lab address,,String,Free text,Institutional address of corresponding author,"School of Medicine, Unseen University, Ankh-Morpork, Disk World", ,Contact information (data deposition),submitted_by,Dr. P. Stibbons,String,Free text,1 / study,Contact information (data deposition),submitted_by,Dr. P. Stibbons,String,Free text,,,
1 / study,Contact information (data deposition),submitted_by, , ,Submitted_by,,, ,,,,submitted_by, ,,,,,,,,,,,,,,Contact information (data deposition),Contact information (data deposition),,String,Free text,"Full contact information of the submitter, i.e. the person deposition the data",Dr. P. Stibbons, ,Lab address,lab_address,"Stibbons Lab, School of Medicine, Unseen University, Ankh-Morpork, Disk World",String,Free text,1 / study,Lab address,lab_address,"Stibbons Lab, School of Medicine, Unseen University, Ankh-Morpork, Disk World",String,Free text,,,
1 / study,Relevant publications,pub_ids, , ,pub_ids,,, ,,,,pub_ids, ,,,,,,,,,,,,,,Relevant publications,Relevant publications,,String,Valid PubMed ID,Publications describing the rationale and/or outcome of the study,PMID85642, ,Relevant publications,pub_ids,PMID85642,String,UID assigned by PubMed (PMID),1 / study,Relevant publications,pub_ids,PMID85642,String,UID assigned by PubMed (PMID),,,
1 / subject,Subject ID,subject_id, , ,Donors,subject_code,subject_code, ,,,,subject_id,Y,subject_id,subject_id,,,subject_id,subject_id,subject_id,subject_id,subject_id,subject_id,subject_id,subject_id,subject_id,Subject ID,Subject ID,,String,Free text,"Subject ID assigned by submitter, unique within study",SUB856413, ,Subject ID,subject_id,SUB856413,String,UID assigned by submitter,1 / subject,Subject ID,subject_id,SUB856413,String,UID assigned by submitter,,,
1 / subject,Synthetic library,synthetic, , ,Synthetic,,, ,,,,synthetic, ,,,,,,,,,,,,,,Synthetic library,Synthetic library,,Boolean,TRUE/FALSE,TRUE for libraries in which the diversity has been synthetically generated (e.g. phage display),FALSE, ,Synthetic library,synthetic,TRUE for libraries in which the diversity has been synthetically generated (e.g. phage display),Boolean,TRUE/FALSE,1 / subject,Organism-based or synthetic,organism,Homo sapiens,String,Controlled vocabulary,,,
1 / subject,Organism,organism, , ,Organism,subject_species,subject_species, ,,,,organism,Y,organism,organism,,,organism,organism,organism,organism,organism,organism,organism,organism,organism,Organism,Organism,,String,Controlled vocabulary,Binomial designation of subject's species,Homo sapiens, ,Organism,organism,Homo sapiens,String,Controlled vocabulary,1 / subject,Sex,sex,"human, mouse or synthetic based study",String,Controlled vocabulary,,,
1 / subject,Sex,sex, , ,Sex,subject_gender,subject_gender, ,,,,sex,Y,sex,sex,,,sex,sex,sex,sex,sex,sex,sex,sex,sex,Sex,Sex,,String,/(male|female|pooled|hermaphrodite|intersex|not collected|not applicable)/,Biological sex of subject,female, ,Sex,sex,,Char,Controlled vocabulary,1 / subject,Age,age,,Char,Controlled vocabulary,,,
1 / subject,Age,age, , ,Age,,, ,,,,age, ,,,,,,,,,,,,,,Age,Age,,String,Time duration and unit,Absolute age of subject at time point `Age event`,65 a, ,Age,age,200 days,String,Time duration and unit,1 / subject,Age event,age_event,200 days,String,Time duration and unit,,,
1 / subject,Age event,age_event, , ,Age_event,,, ,,,,age_event, ,,,,,,,,,,,,,,Age event,Age event,,String,Free text,"Event in the study schedule to which `Age` refers to. For NCBI BioSample this MUST be `sampling`. For other implementations submitters need to be aware that there is currently no mechanism to encode to potential delta between `Age event` and `Sample collection time`, hence the chosen events should be in temporal proximity.",enrollment, ,Age event,age_event,Enrollment,String,Free text,1 / subject,Ancestry population,ancestry_population,Enrollment,String,Free text,,,
1 / subject,Ancestry population,ancestry_population, , ,Ancestry_population,,, ,,,,ancestry_population, ,,,,,,,,,,,,,,Ancestry population,Ancestry population,,String,Free text,Broad geographic origin of ancestry (continent),"list of continents, mixed or unknown", ,Ancestry population,ancestry_population,,String,Free text,1 / subject,Ethnicity,ethnicity,,String,Free text,,,
1 / subject,Ethnicity,ethnicity, , ,Ethnicity,subject_ethnicity,subject_ethnicity, ,,,,ethnicity,Y,ethnicity,ethnicity,,,ethnicity,ethnicity,ethnicity,ethnicity,ethnicity,ethnicity,ethnicity,ethnicity,ethnicity,Ethnicity,Ethnicity,,String,Free text,Ethnic group of subject (defined as cultural/language-based membership),"English, Kurds, Manchu, Yakuts (and other fields from Wikipedia)", ,Ethnicity,ethnicity,Tamil and Sinhalese,String,Free text,1 / subject,Race,race,Tamil and Sinhalese,String,Free text,,,
1 / subject,Race,race, , ,Race,,, ,,,,race, ,,,,,,,,,,,,,,Race,Race,,String,Free text,Racial group of subject (as defined by NIH),"White, American Indian or Alaska Native, Black, Asian, Native Hawaiian or Other Pacific Islander, Other ", ,Race,race,South Indian,String,Free text,1 / subject,Species name,species_name,South Indian,String,Free text,,,
1 / subject,Strain name,strain_name, , ,Strain_name,,, ,,,,strain_name, ,,,,,,,,,,,,,,Strain name,Strain name,,String,Free text,Non-human: designation of the strain or breed of animal used,C57BL/6J, ,Strain name,strain_name,C57BL/6J,String,Free text,1 / subject,Strain name,strain_name,C57BL/6J,String,Free text,,,
1 / subject,Relation to other subjects,linked_subjects, , ,linked_subjects,,, ,,,,linked_subjects, ,,,,,,,,,,,,,,Relation to other subjects,Relation to other subjects,,String,Free text,Subject ID to which `Relation type` refers to,SUB1355648, ,Relation to other subjects,linked_subjects,SUB1355648,String,Subject ID,1 / subject,Relation to other subjects,linked_subjects,SUB1355648,String,Subject ID,,,
1 / subject,Relation type,link_type, , ,Link_type,,, ,,,,link_type, ,,,,,,,,,,,,,,Relation type,Relation type,,String,Free text,"Relation between subject and `linked_subjects`, can be genetic or environmental (e.g.exposure)","father, daughter, household", ,Relation type,link_type,"sister, father, daughter",String,Controlled vocabulary,1 / subject,Relation type,link_type,"sister, father, daughter",String,Controlled vocabulary,,,
1 / diag. & intervent.,Study group description,study_group_description, , ,Study_group_description,case_control_name,case_control_name, ,,,,study_group_description,Y,study_group_description,study_group_description,,,study_group_description,study_group_description,study_group_description,study_group_description,study_group_description,study_group_description,study_group_description,study_group_description,study_group_description,Study group description,Study Group,,String,Free text,Designation of study arm to which the subject is assigned to,control, ,Study group description,study_group_description,Case vs. Control,String,Free text,1 / diag. & intervent.,Study group description,study_group_description,Case vs. Control,String,Free text,,,
1 / diag. & intervent.,Diagnosis,disease_diagnosis, , ,Disease_Diagnosis,,, ,,,,disease_diagnosis, ,,,,,,,,,,,,,,Diagnosis,Diagnosis,,String,Free text,Diagnosis of subject,Multiple myeloma, ,Diagnosis,disease_diagnosis,"infection, metastasis ",String,Free text,1 / diag. & intervent.,Diagnosis,disease_diagnosis,"infection, metastasis ",String,Free text,,,
1 / diag. & intervent.,Length of disease,disease_length, , ,Disease_length,,, ,,,,disease_length, ,,,,,,,,,,,,,,Length of disease,Length of disease,,String,Time duration and unit,Time duration between initial diagnosis and current intervention,23 months, ,Length of disease,disease_length,5 years,String,Time duration and unit,1 / diag. & intervent.,Length of disease,disease_length,5 years,String,Time duration and unit,,,
1 / diag. & intervent.,Disease stage,disease_stage, , ,Disease_stage,,, ,,,,disease_stage, ,,,,,,,,,,,,,,Disease stage,Disease stage,,String,Free text,Stage of disease at current intervention,Stage II, ,Disease stage,disease_stage,"Tumor, nodes or mets",String,Free text,1 / diag. & intervent.,Disease stage,disease_stage,"Tumor, nodes or mets",String,Free text,,,
1 / diag. & intervent.,Prior therapies for primary disease under study,prior_therapies, , ,Prior_therapies,,, ,,,,prior_therapies, ,,,,,,,,,,,,,,Prior therapies for primary disease under study,Prior therapies for primary disease under study,,String,Free text,List of all relevant previous therapies applied to subject for treatment of `Diagnosis`,melphalan/prednisone, ,Prior therapies for primary disease under study,prior_therapies,"Surgery, medications etc.",String,Free text,1 / diag. & intervent.,Prior therapies for primary disease under study,prior_therapies,"Surgery, medications etc.",String,Free text,,,
1 / diag. & intervent.,Immunogen/agent,immunogen, , ,Immunogen,,, ,,,,immunogen, ,,,,,,,,,,,,,,Immunogen/agent,Immunogen/agent,,String,Free text,"Antigen, vaccine or drug applied to subject at this intervention",bortezomib, ,Immunogen/agent,immunogen,Vaccine,String,Free text,1 / diag. & intervent.,Immunogen/agent,immunogen,Vaccine,String,Free text,,,
1 / diag. & intervent.,Intervention definition,intervention, , ,Intervention,,, ,,,,intervention, ,,,,,,,,,,,,,,Intervention definition,Intervention definition,,String,Free text,Description of intervention,"systemic chemotherapy, 6 cycles, 1.25 mg/m2", ,Intervention definition,intervention,"Drug, Vaccine, Surgery etc.",String,Free text,1 / diag. & intervent.,Intervention definition,intervention,"Drug, Vaccine, Surgery etc.",String,Free text,,,
1 / diag. & intervent.,Other relevant medical history,medical_history, , ,medical_history,,, ,,,,medical_history, ,,,,,,,,,,,,,,Other relevant medical history,Other relevant medical history,,String,Free text,Medical history of subject that is relevant to assess the course of disease and/or treatment,"MGUS, first diagnosed 5 years prior", ,Other relevant medical history,medical_history,"Medications, surgeries, other conditions",String,Free text,1 / diag. & intervent.,Other relevant medical history,medical_history,"Medications, surgeries, other conditions",String,Free text,,,
2 / sample,Biological sample ID,sample_id, , ,Sample_Identifier,sample_name,sample_name, ,,,,sample_id,Y,sample_id,sample_id,,,sample_id,sample_id,sample_id,sample_id,sample_id,sample_id,sample_id,sample_id,sample_id,Biological sample ID,Sample ID,,String,Free text,"Sample ID assigned by submitter, unique within study",SUP52415, ,Biological sample ID,sample_id,SUP52415,String,UID assigned by submitter,2 / sample,Biological sample ID,sample_id,SUP52415,String,UID assigned by submitter,,,
2 / sample,Sample type,sample_type, , ,Sample_Type,,, ,,,,sample_type, ,,,,,,,,,,,,,,Sample type,Sample type,,String,Free text,"The way the sample was obtained, e.g. fine-needle aspirate, organ harvest, peripheral venous puncture",Biopsy, ,Sample type,sample_type,"The way the sample was obtained, e.g. biopsy, fine-needle aspirate, organ harvest",String,Free text,2 / sample,Sample type,sample_type,"The way the sample was obtained, e.g. biopsy, fine-needle aspirate, organ harvest",String,Free text,,,
2 / sample,Tissue,tissue, , ,Tissue,sample_source_name,sample_source_name, ,,,,tissue,Y,tissue,tissue,,,tissue,tissue,tissue,tissue,tissue,tissue,tissue,tissue,tissue,Tissue,Tissue,,String,Free text,"The actual tissue sampled, e.g. lymph node, liver, peripheral blood",Bone marrow, ,Tissue,tissue,"The actual tissue, e.g. bone marrow, liver, peripheral blood",String,Free text,2 / sample,Tissue,tissue,"The actual tissue, e.g. bone marrow, liver, peripheral blood",String,Free text,,,
2 / sample,Anatomic site,anatomic_site, , ,Anatomic_site,,, ,,,,anatomic_site, ,,,,,,,,,,,,,,Anatomic site,Anatomic site,,String,Free text,"The anatomic location of the tissue, e.g. Inguinal, femur",Iliac crest, ,Anatomic site,anatomic_site,"The location of the tissue, e.g. Inguinal, femur",String,Free text,2 / sample,Anatomic site,anatomic_site,"The location of the tissue, e.g. Inguinal, femur",String,Free text,,,
2 / sample,Disease state of sample,disease_state_sample, , ,Disease_State,disease_state_name,disease_state_name, ,,,,disease_state_sample,Y,disease_state_sample,disease_state_sample,,,disease_state_sample,disease_state_sample,disease_state_sample,disease_state_sample,disease_state_sample,disease_state_sample,disease_state_sample,disease_state_sample,disease_state_sample,Disease state of sample,Sample disease state,,String,Free text,Histopathologic evaluation of the sample,Tumor infiltration, ,Disease state of sample,disease_state_sample,tumor vs. margin,String,Free text,2 / sample,Disease state of sample,disease_state_sample,tumor vs. margin,String,Free text,,,
2 / sample,Sample collection time,collection_time_point_relative, , ,Time_Points,,, ,,,,collection_time_point_relative, ,,,,,,,,,,,,,,Sample collection time,Sample collection time,,String,Free text,"Time point at which sample was taken, relative to `Collection time event`",14 d, ,Sample collection time,collection_date,10 Days,String,Free text,2 / sample,Sample collection time,collection_date,10 Days,String,Free text,,,
2 / sample,Collection time event,collection_time_point_reference, , ,Collection_time_event,,, ,,,,collection_time_point_reference, ,,,,,,,,,,,,,,Collection time event,Collection time event,,String,Free text,Event in the study schedule to which `Sample collection time` relates to,Primary vaccination, ,Collection time event (T0),collection_time_event,"vaccination, recruitment, treatment",String,Free text,2 / sample,Collection time event (T0),collection_time_event,"vaccination, recruitment, treatment",String,Free text,,,
2 / sample,Biomaterial provider,biomaterial_provider, , ,Biomaterial_provider,,, ,,,,biomaterial_provider, ,,,,,,,,,,,,,,Biomaterial provider,Biomaterial provider,,String,Free text,Name and address of the entity providing the sample,"Tissues-R-Us, Tampa, FL, USA", ,Biomaterial provider,biomaterial_provider,XYZ Pharma,String,Free text,2 / sample,Commercial source,source_commercial,XYZ Pharma,String,Free text,,,
3 / process (cell),Tissue processing,tissue_processing, , ,Tissue_processing,,, ,,,,tissue_processing, ,,,,,,,,,,,,,,Tissue processing,Tissue processing,,String,Free text,Enzymatic digestion and/or physical methods used to isolate cells from sample,"Collagenase A/Dnase I digested, followed by Percoll gradient", ,Tissue processing,tissue_processing,Enzymatic digestion and/or physical methods used to isolate cells from sample,String,Free text,3 / process (cell),Tissue processing,tissue_processing,Enzymatic digestion and/or physical methods used to isolate cells from sample,String,Free text,,,
3 / process (cell),Cell subset,cell_subset, , ,Cell_Type,ireceptor_cell_subset_name,ireceptor_cell_subset_name, ,,,,cell_subset,Y,cell_subset,cell_subset,,,cell_subset,cell_subset,cell_subset,cell_subset,cell_subset,cell_subset,cell_subset,cell_subset,cell_subset,Cell subset,Cell subset,,String,Controlled vocabulary,Commonly-used designation of isolated cell population,Class-switched Memory B cells, ,Cell subset,cell_subset,,String,Controlled vocabulary,3 / process (cell),Cell subset,cell_subset,,String,Controlled vocabulary,,,
3 / process (cell),Cell subset phenotype,cell_phenotype, , ,Cell_markers,lab_cell_subset_name,lab_cell_subset_name, ,,,,cell_phenotype,Y,cell_phenotype,cell_phenotype,,,cell_phenotype,cell_phenotype,cell_phenotype,cell_phenotype,cell_phenotype,cell_phenotype,cell_phenotype,cell_phenotype,cell_phenotype,Cell subset phenotype,Cell subset phenotype,,String,Free text,List of cellular markers and their expression levels used to isolate the cell population,CD19+ CD38+ CD27+ IgM- IgD-, ,Cell subset phenotype,cell_phenotype,,String,Free text,3 / process (cell),Cell subset phenotype,cell_phenotype,,String,Free text,,,
3 / process (cell),Single-cell sort,single_cell, , ,Single_cell,,, ,,,,single_cell, ,,,,,,,,,,,,,,Single-cell sort,Single-cell sort,,Boolean,TRUE/FALSE,TRUE if single cells were isolated into separate compartments,FALSE, ,Single-cell sort,single_cell,TRUE,Boolean,Controlled vocabulary,3 / process (cell),Single-cell sort,single_cell,TRUE,Boolean,Controlled vocabulary,,,
3 / process (cell),Number of cells in experiment,cell_number, , ,Number_of_reads_per_rxn,,, ,,,,cell_number, ,,,,,,,,,,,,,,Number of cells in experiment,Number of cells in experiment,,Integer,Number,Total number of cells that went into the experiment,1000000, ,Number of cells in experiment,cell_number,100,Unsigned integer,number,3 / process (cell),Number of cells in experiment,cell_number,100,Unsigned integer,number,,,
3 / process (cell),Number of cells per sequencing reaction,cells_per_reaction, , ,Estimated_Number_cells_per_seq_rxn, , , ,,,,cells_per_reaction, ,,,,,,,,,,,,,,Number of cells per sequencing reaction,Number of cells per sequencing reaction,,Integer,Number,Number of cells for each biological repicate,50000, ,Number of cells per sequencing reaction,cells_per_reaction,100,Unsigned integer,number,3 / process (cell),Number of cells per sequencing reaction,cells_per_reaction,100,Unsigned integer,number,,,
3 / process (cell),Cell storage,cell_storage, , ,Cell_storage,,, ,,,,cell_storage, ,,,,,,,,,,,,,,Cell storage,Cell storage,,Boolean,TRUE/FALSE,TRUE if cells were cryo-preserved between isolation and further processing,TRUE, ,Cell storage,cell_storage,Yes,Boolean,YES/NO,3 / process (cell),Cell storage,cell_storage,Yes,Boolean,YES/NO,,,
3 / process (cell),Cell quality,cell_quality, , ,Cell_quality,,, ,,,,cell_quality, ,,,,,,,,,,,,,,Cell quality,Cell quality,,String,Free text,Relative amount of viable cells after preparation and (if applicable) thawing,90% viability as determined by 7-AAD, ,Cell quality,cell_quality,Viability,String,Free text,3 / process (cell),Cell quality,cell_quality,Viability,String,Free text,,,
3 / process (cell),Cell isolation / enrichment procedure,cell_isolation, , ,Cell_isolation,,, ,,,,cell_isolation, ,,,,,,,,,,,,,,Cell isolation / enrichment procedure,Cell isolation / enrichment procedure,,String,Free text,Description of the procedure used for marker-based isolation or enrich cells,Cells were stained with fluorochrome labeled antibodies and then sorted on a FlowMerlin (CE) cytometer, ,Cell isolation / enrichment procedure,cell_isolation,Flow cytometry or magnetic bead enrichment,String,Free text,3 / process (cell),Cell isolation / enrichment procedure,cell_isolation,Flow cytometry or magnetic bead enrichment,String,Free text,,,
3 / process (cell),Processing protocol,cell_processing_protocol, , ,Cell_processing_protocol,,, ,,,,cell_processing_protocol, ,,,,,,,,,,,,,,Processing protocol,Processing protocol,,String,Free text,Description of the methods applied to the sample including cell preparation/ isolation/enrichment and nucleic acid extraction. This should closely mirror the Materials and methods section in the manuscript,Stimulated wih anti-CD3/anti-CD28, ,Processing protocol,cell_processing_protocol,Stimulation with cytokines or cells,String,Free text,3 / process (cell),Processing protocol,cell_processing_protocol,Stimulation with cytokines or cells,String,Free text,,,
3 / process (nucl. acid),Target substrate,template_class, , ,DNA_type,dna_type,dna_type, ,,,,template_class,Y,template_class,template_class,,,template_class,template_class,template_class,template_class,template_class,template_class,template_class,template_class,template_class,Target substrate,Target substrate,,String,/(DNA|RNA)/,The class of nucleic acid that was used as primary starting material for the following procedures,RNA, ,Target substrate,library_source,(DNA|RNA),String,Controlled vocabulary,3 / process (nucl. acid),Target substrate,library_source,(DNA|RNA),String,Controlled vocabulary,,,
3 / process (nucl. acid),Target substrate quality,template_quality, , ,Library_quality,,, ,,,,template_quality, ,,,,,,,,,,,,,,Target substrate quality,Target substrate quality,,String,Free text,Description and results of the quality control performed on the template material,RIN 9.2, ,Target substrate quality,library_quality,"RIN for RNA, or specified in protocol",String,Free text,3 / process (nucl. acid),Target substrate quality,library_quality,"RIN for RNA, or specified in protocol",String,Free text,,,
3 / process (nucl. acid),Template amount,template_amount, , ,Template_amount,,, ,,,,template_amount, ,,,,,,,,,,,,,,Template amount,Template amount,,String,Free text,Amount of template that went into the process,1000 ng, ,Library generation method,library_construction_method,123.45,Float,number [ng],3 / process (nucl. acid),Template amount,ng_template,123.45,Float,number [ng],,,
3 / process (nucl. acid),Library generation method,library_generation_method, , ,SRA_Library_Selection,,, ,,,,library_generation_method, ,,,,,,,,,,,,,,Library generation method,Library generation method,,String,Controlled vocabulary,Generic type of library generation,Oligo-dT primed 5' RACE, ,Library generation protocol,library_construction_protocol,,String,Free text,3 / process (nucl. acid),Library generation method,library_construction_method,,String,Free text,,,
3 / process (nucl. acid),Library generation protocol,library_generation_protocol, , ,library_generation_protocol,,, ,,,,library_generation_protocol, ,,,,,,,,,,,,,,Library generation protocol,Library generation protocol,,String,Free text,Description of processes applied to substrate to obtain a library that is ready for sequencing,cDNA was generated using, ,Target locus for PCR,target_locus_PCR,RACE or oligo (nested) amplification based,String,Free text,3 / process (nucl. acid),Library generation protocol,library_construction_protocol,RACE or oligo (nested) amplification based,String,Free text,,,
3 / process (nucl. acid),Protocol IDs,library_generation_kit_version, , ,protocol_id,,, ,,,,library_generation_kit_version, ,,,,,,,,,,,,,,Protocol IDs,Protocol IDs,,String,Free text,"When using a library generation protocol from a commercial provider, provide the protocol version number",v2.1 (2016-09-15), ,Forward PCR primer target location,forward_PCR_primer_target_location,4501uggt,String,UID either assigned by submitter,3 / process (nucl. acid),Protocol IDs,protocol_id,4501uggt,String,UID either assigned by submitter,,,
3 / process (nucl. acid),Target locus for PCR,pcr_target_locus, , ,Target_locus_for_PCR,,, ,,,,pcr_target_locus, ,,,,,,,,,,,,,,Target locus for PCR,Target locus for PCR,,String,Free text,Designation of the target locus according to standard gene nomencleature,Constant region vs. V region amplification, ,Reverse PCR primer target location,reverse_PCR_primer_target_location,Constant region vs. V region amplification,String,Free text,3 / process (nucl. acid),Target locus for PCR,target_locus_PCR,Constant region vs. V region amplification,String,Free text,,,
3 / process (nucl. acid),Forward PCR primer target location,forward_pcr_primer_target_location, , ,forward_PCR_primer_target_location,,, ,,,,forward_pcr_primer_target_location, ,,,,,,,,,,,,,,Forward PCR primer target location,Forward PCR primer target location,,String,Free text,Position of the most distal nucleotide templated by the forward primer or primer mix,"IGHV, +23", ,Complete sequences,complete_sequences,FR1,String,Free text,3 / process (nucl. acid),Forward PCR primer target location,forward_PCR_primer_target_location,FR1,String,Free text,,,
3 / process (nucl. acid),Reverse PCR primer target location,reverse_pcr_primer_target_location, , ,reverse_PCR_primer_target_location,,, ,,,,reverse_pcr_primer_target_location, ,,,,,,,,,,,,,,Reverse PCR primer target location,Reverse PCR primer target location,,String,Free text,Position of the most proximal nucleotide templated by the reverse primer or primer mix,"IGHG, +57", ,Physical linkage of different loci,physical_linkage,Constant region,String,Free text,3 / process (nucl. acid),Reverse PCR primer target location,reverse_PCR_primer_target_location,Constant region,String,Free text,,,
3 / process (nucl. acid),Complete sequences,complete_sequences, , ,Complete_sequences,,, ,,,,complete_sequences, ,,,,,,,,,,,,,,Complete sequences,Complete sequences,,String,/(partial|complete|complete+untemplated)/,"To be considered `complete`, the procedure used for library construction MUST generate sequences that 1) include the first V segment codon that encodes the mature polypeptide chain (i.e. after the leader sequence) and 2) include the last complete codon of the J segment (i.e. 1 bp 5' of the J->C splice site) and 3) provide sequence information for all positions between 1) and 2). To be considered `complete & untemplated`, the sections of the sequences defined in points 1) to 3) of the previous sentence MUST be untemplated, i.e. MUST NOT overlap with the primers used in library preparation.",partial, ,Template amount,template_amount,"To be considered `complete`, a sequences MUST 1) include the first V segment codon that encodes the mature polypeptide chain (i.e. after the leader sequence); 2) include the last complete codon of the J segment (i.e. 1 bp 5' of the J->C splice site); 3) provide sequence information for all positions between 1) and 2). To be considered `complete & untemplated`, the sections of the sequences defined in points 1) to 3) of the previous sentence MUST be untemplated, i.e. MUST NOT overlap with the primers used in library preparation.",String,Controlled vocabulary,3 / process (nucl. acid),Whole vs. partial sequences,whole_vs_partial_sequences,Yes,Boolean,YES/NO,,,
3 / process (nucl. acid),Physical linkage of different loci,physical_linkage, , ,Physical_linkage,,, ,,,,physical_linkage, ,,,,,,,,,,,,,,Physical linkage of different loci,Physical linkage of different loci,,String,Controlled vocabulary,Describes the mode of linkage if a method was used which physically links nucleic acids derived from distinct loci in a single-cell context,IGH-IGK/IGL-head/head, ,Total reads passing QC filter,total_reads_passing_qc_filter,IGH-IGK/IGL-head/head,String,Controlled vocabulary,3 / process (nucl. acid),Physical linkage of different loci,physical_linkage,IGH-IGK/IGL-head/head,String,Controlled vocabulary,,,
3 / process (nucl. acid),Total reads passing QC filter,total_reads_passing_qc_filter, , ,total_reads_passing_qc_filter,,, ,,,,total_reads_passing_qc_filter, ,,,,,,,,,,,,,,Total reads passing QC filter,Total reads passing QC filter,,Integer,Number,Number of usable reads for analysis,10365118, ,Protocol IDs,protocol_id,10,Unsigned integer,Number of usable reads for analysis,3 / process (nucl. acid),Total reads passing QC filter,total_reads_passing_qc_filter,10,Unsigned integer,Number of usable reads for analysis,,,
3 / process (nucl. acid),Sequencing platform,sequencing_platform, , ,Sequencing_method,,, ,,,,sequencing_platform,Y,sequencing_platform,sequencing_platform,,,sequencing_platform,sequencing_platform,sequencing_platform,sequencing_platform,sequencing_platform,sequencing_platform,sequencing_platform,sequencing_platform,sequencing_platform,Sequencing platform,Sequencing platform,,String,Free text,Designation of sequencing instrument used,Alumina LoSeq 1000, ,Sequencing platform,platform,Alumina,String,Free text,3 / process (nucl. acid),Sequencing Platform,platform,Alumina,String,Free text,,,
3 / process (nucl. acid),Read lengths,read_length, , ,read_length,,, ,,,,read_length, ,,,,,,,,,,,,,,Read lengths,Read lengths,,Integer,Array of numbers,Read length in bases for each direction,"[300,300]", ,Read lengths,read_length,180,Unsigned integer,Number of base pairs and directions,3 / process (nucl. acid),Read lengths,read_length,180,Unsigned integer,Number of base pairs and directions,,,
3 / process (nucl. acid),Sequencing facility,sequencing_facility, , ,sequencing_facility,,, ,,,,sequencing_facility, ,,,,,,,,,,,,,,Sequencing facility,Sequencing facility,,String,Free text,Name and address of sequencing facility,"Seqs-R-Us, Vancouver, BC, Canada", ,Sequencing facility,sequencing_facility,ABC Lab,String,Free text,3 / process (nucl. acid),Sequencing Facility,sequencing_facility,ABC Lab,String,Free text,,,
3 / process (nucl. acid),Batch number,sequencing_run_id, , ,sequencing_run_id,,, ,,,,sequencing_run_id, ,,,,,,,,,,,,,,Batch number,Batch number,,String,Free text,ID of sequencing run assigned by the sequencing facility,160101_M01234_0201_000000000-D2T7V, ,Batch number,batch_number,BAT84562,String,UID either assigned by submitter,3 / process (nucl. acid),Batch number,batch_number,BAT84562,String,UID either assigned by submitter,,,
3 / process (nucl. acid),Date of sequencing run,sequencing_run_date, , ,sequencing_run_date,,, ,,,,sequencing_run_date, ,,,,,,,,,,,,,,Date of sequencing run,Date of sequencing run,,String,ISO8601-compliant date,Date of sequencing run,2016-12-16, ,Date of sequencing run,sequencing_run_date,2016-12-16,String,ISO8601-compliant date,3 / process (nucl. acid),Date of sequencing run,sequencing_run_date,2016-12-16,String,ISO8601-compliant date,,,
3 / process (nucl. acid),Sequencing kit,sequencing_kit, , ,sequencing_kit,,, ,,,,sequencing_kit, ,,,,,,,,,,,,,,Sequencing kit,Sequencing kit,,String,Free text,"Name, manufacturer, order and lot numbers of sequencing kit","FullSeq 600, Alumina, #M123456C0, 789G1HK", ,Sequencing kit,sequencing_kit,"Manufacturer, Catalog Number, Lot number",String,Free text,3 / process (nucl. acid),Sequencing kit,sequencing_kit,"Manufacturer, Catalog Number, Lot number",String,Free text,,,
4 / data (raw reads),Raw sequence data,, , ,,,, ,,,,, ,,,,,,,,,,,,,,Raw sequence data,Raw sequence data,,Blob,FASTQ,Sequence and quality score of all passing reads,<n/a>, ,Raw sequence data,,,Blob,FASTQ sequences,4 / data (raw reads),Raw sequence data,,,Blob,FASTQ sequences,,,
5 / process (comput.),Software tools and version numbers,software_versions, , ,Software_versions,,, ,,,,software_versions, ,,,,,,,,,,,,,,Software tools and version numbers,Software tools and version numbers,,String,Free text,"Version number and / or date, include company pipelines",IgBLAST 1.6, ,Software tools and version numbers,software_versions,"version number and / or date, include company pipelines",String,Free text,5 / process (comput.),Software tools and version numbers,software_versions,"version number and / or date, include company pipelines",String,Free text,,,
5 / process (comput.),Paired read assembly,paired_reads_assembly, , ,Paired_read_assembly,,, ,,,,paired_reads_assembly, ,,,,,,,,,,,,,,Paired read assembly,Paired read assembly,,String,Free text,How paired end reads were assembled into a single receptor sequence,"PandaSeq (minimal overlap 50, threshold 0.8)", ,Paired read assembly,paired_reads_assembly,How paired end reads were assembled into a single receptor sequence,String,Free text,5 / process (comput.),Paired read assembly,paired_reads_assembly,How paired end reads were assembled into a single receptor sequence,String,Free text,,,
5 / process (comput.),Quality thresholds,quality_thresholds, , ,quality_thresholds,,, ,,,,quality_thresholds, ,,,,,,,,,,,,,,Quality thresholds,Quality thresholds,,String,Free text,How sequences were removed from (4) based on base quality scores,, ,Quality thresholds,quality_thresholds,How sequences were removed from (4) based on base quality scores,String,Free text,5 / process (comput.),Quality thresholds,quality_thresholds,How sequences were removed from (4) based on base quality scores,String,Free text,,,
5 / process (comput.),Primer match cutoffs,primer_match_cutoffs, , ,primer_match_cutoffs,,, ,,,,primer_match_cutoffs, ,,,,,,,,,,,,,,Primer match cutoffs,Primer match cutoffs,,String,Free text,"How primers were identified in the sequences, were they removed/masked/etc?",, ,Primer match cutoffs,primer_match_cutoffs,"How primers were identified in the sequences, were they removed/masked/etc?",String,Free text,5 / process (comput.),Primer match cutoffs,primer_match_cutoffs,"How primers were identified in the sequences, were they removed/masked/etc?",String,Free text,,,
5 / process (comput.),Collapsing method,collapsing_method, , ,collapsing_method,,, ,,,,collapsing_method, ,,,,,,,,,,,,,,Collapsing method,Collapsing method,,String,Free text,The method used for combining multiple sequences from (4) into a single sequence in (5),MUSCLE 3.8.31, ,Collapsing method,collapsing_method,The method used for combining multiple sequences from (4) into a single sequence in (5),String,Free text,5 / process (comput.),Collapsing method,collapsing_method,The method used for combining multiple sequences from (4) into a single sequence in (5),String,Free text,,,
5 / process (comput.),Data processing protocols,data_processing_protocols, , ,data_processing_protocols,,, ,,,,data_processing_protocols, ,,,,,,,,,,,,,,Data processing protocols,Data processing protocols,,String,Free text,General description of how QC is performed,, ,Data processing protocols,data_processing_protocols,General description of how QC is performed,String,Free text,5 / process (comput.),Data processing protocols,data_processing_protocols,General description of how QC is performed,String,Free text,,,
,,, , ,,subject_age,subject_age, ,,,,ir_subject_age, ,,,,,ir_subject_age,ir_subject_age,,ir_subject_age,,,,,ir_subject_age,Age,Age,,,,,, ,,,,,,,,,,,,,,
,,, , ,,sra_run_id,sra_run_id, ,,,,ir_sra_run_id, ,,,,,ir_sra_run_id,ir_sra_run_id,,ir_sra_run_id,,,,,,SRA Run ID,SRA ID,,,,,, ,,,,,,,,,,,,,,
,,, , ,,marker_1,marker_1, ,,,,ir_marker_1, ,,,,,,,,,,,,,,Marker 1,Marker 1,,,,,, ,,,,,,,,,,,,,,
,,, , ,,marker_2,marker_2, ,,,,ir_marker_2, ,,,,,,,,,,,,,,Marker 2,Marker 2,,,,,, ,,,,,,,,,,,,,,
,,, , ,,marker_3,marker_3, ,,,,ir_marker_3,,,,,,,,,,,,,,,Marker 3,Marker 3,,,,,, ,,,,,,,,,,,,,,
,,, , ,,marker_4,marker_4, ,,,,ir_marker_4, ,,,,,,,,,,,,,,Marker 4,Marker 4,,,,,, ,,,,,,,,,,,,,,
,,, , ,,marker_5,marker_5, ,,,,ir_marker_5, ,,,,,,,,,,,,,,Marker 5,Marker 5,,,,,, ,,,,,,,,,,,,,,
,,, , ,,marker_6,marker_6, ,,,,ir_marker_6, ,,,,,,,,,,,,,,Marker 6,Marker 6,,,,,, ,,,,,,,,,,,,,,
,,, , ,,project_sample_note,project_sample_note, ,,,,ir_project_sample_note, ,,,,,ir_project_sample_note,ir_project_sample_note,,,,,,,,Sample Note,Sample Note,,,,,, ,,,,,,,,,,,,,,
,,, , ,,subject_id,subject_id, ,,,,ir_subject_id, ,,,,,ir_subject_id,ir_subject_id,,,,,,,,,,,,,,, ,,,,,,,,,,,,,,
,,, , ,,project_id,project_id, ,,,,ir_project_id,Y,ir_project_id,ir_project_id,,,ir_project_id,ir_project_id,ir_project_id,,,,,,,,,,,,,, ,,,,,,,,,,,,,,
,,, , ,,project_parent_id,project_parent_id, ,,,,ir_project_parent_id, ,,,,,ir_project_parent_id,ir_project_parent_id,,,,,,,,,,,,,,, ,,,,,,,,,,,,,,
,,, , ,,lab_id,lab_id, ,,,,ir_lab_id, ,,,,,ir_lab_id,ir_lab_id,,,,,,,,,,,,,,, ,,,,,,,,,,,,,,
,,, , ,,disease_state_id,disease_state_id, ,,,,ir_disease_state_id, ,,,,,ir_disease_state_id,ir_disease_state_id,,,,,,,,,,,,,,, ,,,,,,,,,,,,,,
,,, , ,,case_control_id,case_control_id, ,,,,ir_case_control_id, ,,,,,ir_case_control_id,ir_case_control_id,,,,,,,,,,,,,,, ,,,,,,,,,,,,,,
,,, , ,,sample_id,sample_id, ,,,,ir_sample_id, ,,,,,,,,,,,,,,,,,,,,, ,,,,,,,,,,,,,,
,,,, ,,project_sample_id,project_sample_id, ,,,,ir_project_sample_id, ,,,,,ir_project_sample_id,ir_project_sample_id,,ir_project_sample_id,,ir_project_sample_id,,,,,,,,,,, ,,,,,,,,,,,,,,
,,,, ,,sample_subject_id,sample_subject_id,,,,,ir_sample_subject_id, ,,,,,ir_sample_subject_id,ir_sample_subject_id,,,,,,,,,,,,,,, ,,,,,,,,,,,,,,
,,,, ,,dna_id,dna_id,,,,,ir_dna_id, ,,,,,ir_dna_id,ir_dna_id,,,,,,,,,,,,,,, ,,,,,,,,,,,,,,
,,,, ,,sample_source_id,sample_source_id,,,,,ir_sample_source_id, ,,,,,ir_sample_source_id,ir_sample_source_id,,,,,,,,,,,,,,, ,,,,,,,,,,,,,,
,,,,,,sequence_count,,,,,,ir_sequence_count, ,,,,,ir_sequence_count,ir_sequence_count,,ir_sequence_count,,ir_sequence_count,,,,,,,,,,, ,,,,,,,,,,,,,,
,,,,,,sequences,,,,,,ir_filtered_sequence_count, ,,,,,ir_filtered_sequence_count,ir_filtered_sequence_count,,ir_filtered_sequence_count,,ir_filtered_sequence_count,,,,,,,,,,, ,,,,,,,,,,,,,,
,,,,,,,,,,,,,Y,ir_username,ir_username,ir_username,ir_username,,,ir_username,,ir_username,,ir_username,,,,,,,,,, ,,,,,,,,,,,,,,
,,,,,,,,,,,,,Y,ir_subject_age_min,ir_subject_age_min,,,,,ir_subject_age_min,,ir_subject_age_min,,ir_subject_age_min,,,,,,,,,, ,,,,,,,,,,,,,,
,,,,,,,,,,,,,Y,ir_subject_age_max,ir_subject_age_max,,,,,ir_subject_age_max,,ir_subject_age_max,,ir_subject_age_max,,,,,,,,,, ,,,,,,,,,,,,,,
,,,,,,project_sample_id_list,,,,,,,Y,,,ir_project_sample_id_list,ir_project_sample_id_list,,,ir_project_sample_id_list,,ir_project_sample_id_list,,ir_project_sample_id_list,,,,,,,,,, ,,,,,,,,,,,,,,
,,,,,,,,,,,,,Y,,,,ir_data_format,,,ir_data_format,,ir_data_format,,ir_data_format,,,,,,,,,, ,,,,,,,,,,,,,,
,,,,,,,,,,,,,Y,,,ir_show_unproductive,ir_show_unproductive,,,ir_show_unproductive,,ir_show_unproductive,,ir_show_unproductive,,,,,,,,,, ,,,,,,,,,,,,,,
6 / data (proc. seq.),V(D)J germline reference database,germline_database,germline_database, ,germline_database,,,,,,,germline_database, ,,,,,,,,,,,,,,,,,String,Free text,Databases used for VDJC gene annotation plus date of retrieval / version,"ENSEMBL, Homo sapiens build 90, 2017-10-01", ,V(D)J germline reference database,germline_database,,,,6 / data (proc. seq.),V(D)J germline reference database,germline_database,"Source of germline V(D)J segments, with version number or date accessed",String,Free text,,,
6 / data (proc. seq.),Cell Index,cell_index,cell_index, ,,,,,,,,cell_index, ,,,,,,,,,,,,,,,,,String,Free text,User-specified ID for the cell from which the sequence was obtained,W06_046_091, ,Cell Index,cell_index,,,,6 / data (proc. seq.),Cell Index,cell_index,UID linking sequences from the same cell,Unsigned integer,index,,,
6 / data (proc. seq.),V gene,v_call,v_call, ,,vgene_allele,vgene_allele,vgene_allele,V-GENE and allele,,,v_call,Y,,,v_call,v_call,v_call,v_call,v_call,v_call,v_call,v_call,v_call,v_call,v_call,V gene,V gene,,String,Free text,V segment gene and allele,IGHV1-34*01, ,V gene,v_allele,,,,6 / data (proc. seq.),V gene,v_allele,V gene with allele,String,Free text,,,
6 / data (proc. seq.),D gene,d_call,d_call, ,,dgene_allele,dgene_allele,dgene_allele,D-GENE and allele,,,d_call,Y,,,d_call,d_call,d_call,d_call,d_call,d_call,d_call,d_call,d_call,d_call,d_call,D gene,D gene,,String,Free text,D segment gene and allele,IGHD2-2*01, ,D gene,d_allele,,,,6 / data (proc. seq.),D gene,d_allele,D gene with allele,String,Free text,,,
6 / data (proc. seq.),J gene,j_call,j_call, ,,jgene_allele,jgene_allele,jgene_allele,J-GENE and allele,,,j_call,Y,,,j_call,j_call,j_call,j_call,j_call,j_call,j_call,j_call,j_call,j_call,j_call,J gene,J gene,,String,Free text,J segment gene and allele,IGHJ4*01, ,J gene,j_allele,,,,6 / data (proc. seq.),J gene,j_allele,J gene with allele,String,Free text,,,
6 / data (proc. seq.),C region,c_call,c_call, ,,,,,,,,c_call, ,,,,,,,,,,,,,,,,,String,Free text,Constant region gene and allele,IGHG1, ,C region,c_allele,,,,6 / data (proc. seq.),C region,c_allele,C region with allele,String,Free text,,,
6 / data (proc. seq.),IMGT-JUNCTION nucleotide sequence,junction_nt,junction_nt, ,,junction_sequence_nt,junction_sequence_nt,junction_sequence_nt,JUNCTION,,,junction_nt,,,,,,,,,,,,,,,,Junction NT,,String,Free text,Nucleotide sequence of the IMGT-JUNCTION,TGTGCAAGAGCGGGAGTTTACGACGGATATACTATGGACTACTGG, ,IMGT-JUNCTION nucleotide sequence,junction_nt,,,,6 / data (proc. seq.),JUNCTION nucleotide sequence,junction_nt,Sequence of the CDR3 region (nucleotide),String,Free text,,,
6 / data (proc. seq.),IMGT-JUNCTION amino acid sequence,junction_aa,junction_aa, ,,junction_sequence_aa,junction_sequence_aa,junction_sequence_aa,JUNCTION (AA),,,junction_aa,Y,,,junction_aa,junction_aa,junction_aa,junction_aa,junction_aa,junction_aa,junction_aa,junction_aa,junction_aa,junction_aa,junction_aa,JUNCTION amino acid sequence,Junction AA,,String,Free text,Amino acid sequence of the IMGT-JUNCTION,CARAGVYDGYTMDYW, ,IMGT-JUNCTION amino acid sequence,junction_aa,,,,6 / data (proc. seq.),JUNCTION amino acid sequence,junction_aa,Sequence of the CDR3 region (amino acid),String,Free text,,,
6 / data (proc. seq.),Read count,duplicate_count,duplicate_count, ,Number_of_reads_per_rxn,,,,,,,duplicate_count, ,,,,,,,,,,,,,,,,,Integer,Number,Number of reads used to build sequence,123, ,Read count,duplicate_count,,,,6 / data (proc. seq.),read count,duplicate_count,Number of reads of the sequence,Unsigned integer,number,,,
,Read/sequence identifier,sequence_id,sequence_id, ,,,,,Sequence ID,,,sequence_id, ,,,,,,,,,,,,,,,,,,,Read/sequence identifier,, ,,,,,,,Read/sequence identifier, ,,string,mandatory,,,
,"Nucleotide sequence (e.g., the ""read"" sequence; revcomp'd if necessary)",sequence,sequence, ,,,,,Sequence,,,sequence, ,,,,,,,,,,,,,,,,,,,"Nucleotide sequence (e.g., the ""read"" sequence; revcomp'd if necessary)",, ,,,,,,,"Nucleotide sequence (e.g., the ""read"" sequence; revcomp'd if necessary)", ,,string,mandatory,,,
,"Constant region gene (e.g., IGHG4, IGHA2, IGHE, TRBC)",constant,constant, ,,,,,,,,constant, ,,,,,,,,,,,,,,,,,,,"Constant region gene (e.g., IGHG4, IGHA2, IGHE, TRBC)",, ,,,,,,,"Constant region gene (e.g., IGHG4, IGHA2, IGHE, TRBC)", ,,string,mandatory,,,
,VDJ sequence is predicted to be functional,functional,functional, ,,,productive,productive,Functionality,,,functional,Y,,,functional,functional,functional,functional,functional,functional,functional,functional,functional,functional,functional,VDJ sequence is predicted to be functional,Functional,,,,VDJ sequence is predicted to be functional,, ,,functional,,,,,VDJ sequence is predicted to be functional, ,,boolean,mandatory,,,
,Sequence is reverse complemented,rev_comp,rev_comp, ,,orientation,orientation,orientation,Orientation,,,rev_comp, ,,,,,,,,,,,,,,,,,,,Sequence is reverse complemented,, ,,,,,,,Sequence is reverse complemented, ,,boolean,mandatory,,,
,V alignment score,v_score,v_score, ,,vgene_score,vgene_score,vgene_score,V-REGION score,,,v_score, ,,,,,,,,,,,,,,,,,,,V alignment score,, ,,,,,,,V alignment score, ,,float,mandatory,,,
,D alignment score,d_score,d_score, ,,dgene_score,dgene_score,dgene_score,D-REGION score,,,d_score, ,,,,,,,,,,,,,,,,,,,D alignment score,, ,,,,,,,D alignment score, ,,float,mandatory,,,
,J alignment score,j_score,j_score, ,,jgene_score,jgene_score,jgene_score,J-REGION score,,,j_score, ,,,,,,,,,,,,,,,,,,,J alignment score,, ,,,,,,,J alignment score, ,,float,mandatory,,,
,C alignment score,c_score,c_score, ,,,,,,,,c_score, ,,,,,,,,,,,,,,,,,,,C alignment score,, ,,,,,,,C alignment score, ,,float,mandatory,,,
,V alignment CIGAR string,v_cigar,v_cigar, ,,,,,,,,v_cigar, ,,,,,,,,,,,,,,,,,,,V alignment CIGAR string,, ,,,,,,,V alignment CIGAR string, ,,string,mandatory,,,
,D alignment CIGAR string,d_cigar,d_cigar, ,,,,,,,,d_cigar, ,,,,,,,,,,,,,,,,,,,D alignment CIGAR string,, ,,,,,,,D alignment CIGAR string, ,,string,mandatory,,,
,J alignment CIGAR string,j_cigar,j_cigar, ,,,,,,,,j_cigar, ,,,,,,,,,,,,,,,,,,,J alignment CIGAR string,, ,,,,,,,J alignment CIGAR string, ,,string,mandatory,,,
,C alignment CIGAR string,c_cigar,c_cigar, ,,,,,,,,c_cigar, ,,,,,,,,,,,,,,,,,,,C alignment CIGAR string,, ,,,,,,,C alignment CIGAR string, ,,string,mandatory,,,
,V alignment E-value (when applicable),v_evalue,v_evalue, ,,,,,,,,v_evalue, ,,,,,,,,,,,,,,,,,,,V alignment E-value (when applicable),, ,,,,,,,V alignment E-value (when applicable), ,,float,,,,
,D alignment E-value (when applicable),d_evalue,d_evalue, ,,,,,,,,d_evalue, ,,,,,,,,,,,,,,,,,,,D alignment E-value (when applicable),, ,,,,,,,D alignment E-value (when applicable), ,,float,,,,
,J alignment E-value (when applicable),j_evalue,j_evalue, ,,,,,,,,j_evalue, ,,,,,,,,,,,,,,,,,,,J alignment E-value (when applicable),, ,,,,,,,J alignment E-value (when applicable), ,,float,,,,
,V alignment identity,v_identity,v_identity, ,,,,,,,,v_identity, ,,,,,,,,,,,,,,,,,,,V alignment identity,, ,,,,,,,V alignment identity, ,,float,,,,
,D alignment identity,d_identity,d_identity, ,,,,,,,,d_identity, ,,,,,,,,,,,,,,,,,,,D alignment identity,, ,,,,,,,D alignment identity, ,,float,,,,
,J alignment identity,j_identity,j_identity, ,,,,,,,,j_identity, ,,,,,,,,,,,,,,,,,,,J alignment identity,, ,,,,,,,J alignment identity, ,,float,,,,
,Score for aligners that consider the full sequence as a whole,vdj_score,vdj_score, ,,,,,,,,vdj_score, ,,,,,,,,,,,,,,,,,,,Score for aligners that consider the full sequence as a whole,, ,,,,,,,Score for aligners that consider the full sequence as a whole, ,,float,,,,
,E-value for aligners that consider the full sequence as a whole,vdj_evalue,vdj_evalue, ,,,,,,,,vdj_evalue, ,,,,,,,,,,,,,,,,,,,E-value for aligners that consider the full sequence as a whole,, ,,,,,,,E-value for aligners that consider the full sequence as a whole, ,,float,,,,
,Identity for aligners that consider the full sequence as a whole,vdj_identity,vdj_identity, ,,,,,,,,vdj_identity, ,,,,,,,,,,,,,,,,,,,Identity for aligners that consider the full sequence as a whole,, ,,,,,,,Identity for aligners that consider the full sequence as a whole, ,,float,,,,
,VDJ alignment CIGAR string,vdj_cigar,vdj_cigar, ,,,,,,,,vdj_cigar, ,,,,,,,,,,,,,,,,,,,VDJ alignment CIGAR string,, ,,,,,,,VDJ alignment CIGAR string, ,,string,,,,
,Position of first V nucleotide in 'sequence' field,v_start,v_start, ,,vregion_start,vregion_start,vregion_start,V-REGION start,,,v_start, ,,,,,,,,,,,,,,,,,,,Position of first V nucleotide in 'sequence' field,, ,,,,,,,Position of first V nucleotide in 'sequence' field, ,,integer,,,,
,End coordinate of the V segment (generally inside the CDR3),v_end,v_end, ,,vregion_end,vregion_end,vregion_end,V-REGION end,,,v_end, ,,,,,,,,,,,,,,,,,,,End coordinate of the V segment (generally inside the CDR3),, ,,,,,,,End coordinate of the V segment (generally inside the CDR3), ,,integer,,,,
,Position of 'v_start' field in IMGT numbered germline V(D)J sequence,v_germ_start,v_germ_start, ,,,,,,,,v_germ_start, ,,,,,,,,,,,,,,,,,,,Position of 'v_start' field in IMGT numbered germline V(D)J sequence,, ,,,,,,,Position of 'v_start' field in IMGT numbered germline V(D)J sequence, ,,integer,,,,
,Position of 'v_start' field in IMGT numbered germline V(D)J sequence,v_germ_end,v_germ_end, ,,,,,,,,v_germ_end, ,,,,,,,,,,,,,,,,,,,Position of 'v_start' field in IMGT numbered germline V(D)J sequence,, ,,,,,,,Position of 'v_start' field in IMGT numbered germline V(D)J sequence, ,,integer,,,,
,FWR1 start coordinate in sequence (transferred from germline),fwr1_start,fwr1_start, ,,fr1region_start,fr1region_start,fr1region_start,FR1-IMGT start,,,fwr1_start, ,,,,,,,,,,,,,,,,,,,FWR1 start coordinate in sequence (transferred from germline),, ,,,,,,,FWR1 start coordinate in sequence (transferred from germline), ,,integer,,,,
,FWR1 end coordinate in sequence (transferred from germline),fwr1_end,fwr1_end, ,,fr1region_end,fr1region_end,fr1region_end,FR1-IMGT end,,,fwr1_end, ,,,,,,,,,,,,,,,,,,,FWR1 end coordinate in sequence (transferred from germline),, ,,,,,,,FWR1 end coordinate in sequence (transferred from germline), ,,integer,,,,
,CDR1 start coord in sequence (transferred from germline),cdr1_start,cdr1_start, ,,cdr1region_start,cdr1region_start,cdr1region_start,CDR1-IMGT start,,,cdr1_start, ,,,,,,,,,,,,,,,,,,,CDR1 start coord in sequence (transferred from germline),, ,,,,,,,CDR1 start coord in sequence (transferred from germline), ,,integer,,,,
,CDR1 end coord in sequence (transferred from germline),cdr1_end,cdr1_end, ,,cdr1region_end,cdr1region_end,cdr1region_end,CDR1-IMGT end,,,cdr1_end, ,,,,,,,,,,,,,,,,,,,CDR1 end coord in sequence (transferred from germline),, ,,,,,,,CDR1 end coord in sequence (transferred from germline), ,,integer,,,,
,FWR2 start coord in sequence (transferred from germline),fwr2_start,fwr2_start, ,,fr2region_start,fr2region_start,fr2region_start,FR2-IMGT start,,,fwr2_start, ,,,,,,,,,,,,,,,,,,,FWR2 start coord in sequence (transferred from germline),, ,,,,,,,FWR2 start coord in sequence (transferred from germline), ,,integer,,,,
,FWR2 end coord in sequence (transferred from germline),fwr2_end,fwr2_end, ,,fr2region_end,fr2region_end,fr2region_end,FR2-IMGT end,,,fwr2_end, ,,,,,,,,,,,,,,,,,,,FWR2 end coord in sequence (transferred from germline),, ,,,,,,,FWR2 end coord in sequence (transferred from germline), ,,integer,,,,
,CDR2 start coord in sequence (transferred from germline),cdr2_start,cdr2_start, ,,cdr2region_start,cdr2region_start,cdr2region_start,CDR2-IMGT start,,,cdr2_start, ,,,,,,,,,,,,,,,,,,,CDR2 start coord in sequence (transferred from germline),, ,,,,,,,CDR2 start coord in sequence (transferred from germline), ,,integer,,,,
,CDR2 end coord in sequence (transferred from germline),cdr2_end,cdr2_end, ,,cdr2region_end,cdr2region_end,cdr2region_end,CDR2-IMGT end,,,cdr2_end, ,,,,,,,,,,,,,,,,,,,CDR2 end coord in sequence (transferred from germline),, ,,,,,,,CDR2 end coord in sequence (transferred from germline), ,,integer,,,,
,FWR3 start coord in sequence (transferred from germline),fwr3_start,fwr3_start, ,,fr3region_start,fr3region_start,fr3region_start,FR3-IMGT start,,,fwr3_start, ,,,,,,,,,,,,,,,,,,,FWR3 start coord in sequence (transferred from germline),, ,,,,,,,FWR3 start coord in sequence (transferred from germline), ,,integer,,,,
,FWR3 end coord in sequence (transferred from germline),fwr3_end,fwr3_end, ,,fr3region_end,fr3region_end,fr3region_end,FR3-IMGT end,,,fwr3_end, ,,,,,,,,,,,,,,,,,,,FWR3 end coord in sequence (transferred from germline),, ,,,,,,,FWR3 end coord in sequence (transferred from germline), ,,integer,,,,
,CDR3 start coord in sequence (transferred from germline),cdr3_start,cdr3_start, ,,cdr3region_start,cdr3region_start,cdr3region_start,CDR3-IMGT start,,,cdr3_start, ,,,,,,,,,,,,,,,,,,,CDR3 start coord in sequence (transferred from germline),, ,,,,,,,CDR3 start coord in sequence (transferred from germline), ,,integer,,,,
,CDR3 end coord in sequence (transferred from germline),cdr3_end,cdr3_end, ,,cdr3region_end,cdr3region_end,cdr3region_end,CDR3-IMGT end,,,cdr3_end, ,,,,,,,,,,,,,,,,,,,CDR3 end coord in sequence (transferred from germline),, ,,,,,,,CDR3 end coord in sequence (transferred from germline), ,,integer,,,,
,FWR3 start coord in sequence (transferred from germline),fwr4_start,fwr4_start, ,,fr4region_start,fr4region_start,fr4region_start,FR4-IMGT start,,,fwr4_start, ,,,,,,,,,,,,,,,,,,,FWR3 start coord in sequence (transferred from germline),, ,,,,,,,FWR3 start coord in sequence (transferred from germline), ,,integer,,,,
,FWR4 end coord in sequence (transferred from germline),fwr4_end,fwr4_end, ,,fr4region_end,fr4region_end,fr4region_end,FR4-IMGT end,,,fwr4_end, ,,,,,,,,,,,,,,,,,,,FWR4 end coord in sequence (transferred from germline),, ,,,,,,,FWR4 end coord in sequence (transferred from germline), ,,integer,,,,
,Start coordinate of the D segment,d_start,d_start, ,,dregion_start,dregion_start,dregion_start,D-REGION start,,,d_start, ,,,,,,,,,,,,,,,,,,,Start coordinate of the D segment,, ,,,,,,,Start coordinate of the D segment, ,,integer,,,,
,End coordinate of the D segment,d_end,d_end, ,,dregion_end,dregion_end,dregion_end,D-REGION end,,,d_end, ,,,,,,,,,,,,,,,,,,,End coordinate of the D segment,, ,,,,,,,End coordinate of the D segment, ,,integer,,,,
,Position of 'd_start' field in IMGT numbered germline V(D)J sequence,d_germ_start,d_germ_start, ,,,,,,,,d_germ_start, ,,,,,,,,,,,,,,,,,,,Position of 'd_start' field in IMGT numbered germline V(D)J sequence,, ,,,,,,,Position of 'd_start' field in IMGT numbered germline V(D)J sequence, ,,integer,,,,
,Position of 'd_start' field in IMGT numbered germline V(D)J sequence,d_germ_emd,d_germ_emd, ,,,,,,,,d_germ_emd, ,,,,,,,,,,,,,,,,,,,Position of 'd_start' field in IMGT numbered germline V(D)J sequence,, ,,,,,,,Position of 'd_start' field in IMGT numbered germline V(D)J sequence, ,,integer,,,,
,Start coordinate of the J segment (generally inside the CDR3),j_start,j_start, ,,jregion_start,jregion_start,jregion_start,J-REGION start,,,j_start, ,,,,,,,,,,,,,,,,,,,Start coordinate of the J segment (generally inside the CDR3),, ,,,,,,,Start coordinate of the J segment (generally inside the CDR3), ,,integer,,,,
,End coordinate of the J segment,j_end,j_end, ,,jregion_end,jregion_end,jregion_end,J-REGION end,,,j_end, ,,,,,,,,,,,,,,,,,,,End coordinate of the J segment,, ,,,,,,,End coordinate of the J segment, ,,integer,,,,
,Position of 'j_start' field in IMGT numbered germline V(D)J sequence,j_germ_start,j_germ_start, ,,,,,,,,j_germ_start, ,,,,,,,,,,,,,,,,,,,Position of 'j_start' field in IMGT numbered germline V(D)J sequence,, ,,,,,,,Position of 'j_start' field in IMGT numbered germline V(D)J sequence, ,,integer,,,,
,Position of 'j_start' field in IMGT numbered germline V(D)J sequence,j_germ_end,j_germ_end, ,,,,,,,,j_germ_end, ,,,,,,,,,,,,,,,,,,,Position of 'j_start' field in IMGT numbered germline V(D)J sequence,, ,,,,,,,Position of 'j_start' field in IMGT numbered germline V(D)J sequence, ,,integer,,,,
,Number of junction nucleotides in sequence_vdj,junction_length,junction_length, ,,,junction_nt_length,junction_nt_length,(CDR3-IMGT length + 2) * 3,,,junction_length,Y,,,junction_length,junction_length,junction_length,junction_length,junction_length,junction_length,junction_length,junction_length,junction_length,junction_length,junction_length,Number of junction nucleotides in sequence_vdj,Number of junction nucleotides in sequence_vdj,,,,Number of junction nucleotides in sequence_vdj,, ,,junction_length,,,,,Number of junction nucleotides in sequence_vdj, ,,integer,,,,
,Number of of nucleotides between sample V and D sequences,np1_length,np1_length, ,,,,,,,,np1_length, ,,,,,,,,,,,,,,,,,,,Number of of nucleotides between sample V and D sequences,, ,,,,,,,Number of of nucleotides between sample V and D sequences, ,,integer,,,,
,Number of of nucleotides between sample D and J sequences,np2_length,np2_length, ,,,,,,,,np2_length, ,,,,,,,,,,,,,,,,,,,Number of of nucleotides between sample D and J sequences,, ,,,,,,,Number of of nucleotides between sample D and J sequences, ,,integer,,,,
,Nucleotides 5' of the D-segment,n1_length,n1_length, ,,,,,,,,n1_length, ,,,,,,,,,,,,,,,,,,,Nucleotides 5' of the D-segment,, ,,,,,,,Nucleotides 5' of the D-segment, ,,integer,,,,
,Nucleotides 3' of the D-segment,n2_length,n2_length, ,,,,,,,,n2_length, ,,,,,,,,,,,,,,,,,,,Nucleotides 3' of the D-segment,, ,,,,,,,Nucleotides 3' of the D-segment, ,,integer,,,,
,Palindromic nucleotides 3' of the V-segment,p3v_length,p3v_length, ,,,,,,,,p3v_length, ,,,,,,,,,,,,,,,,,,,Palindromic nucleotides 3' of the V-segment,, ,,,,,,,Palindromic nucleotides 3' of the V-segment, ,,integer,,,,
,Palindromic nucleotides 5' of the D-segment,p5d_length,p5d_length, ,,,,,,,,p5d_length, ,,,,,,,,,,,,,,,,,,,Palindromic nucleotides 5' of the D-segment,, ,,,,,,,Palindromic nucleotides 5' of the D-segment, ,,integer,,,,
,Palindromic nucleotides 3' of the D-segment,p3d_length,p3d_length, ,,,,,,,,p3d_length, ,,,,,,,,,,,,,,,,,,,Palindromic nucleotides 3' of the D-segment,, ,,,,,,,Palindromic nucleotides 3' of the D-segment, ,,integer,,,,
,Palindromic nucleotides 5' of the J-segment,p5j_length,p5j_length, ,,,,,,,,p5j_length, ,,,,,,,,,,,,,,,,,,,Palindromic nucleotides 5' of the J-segment,, ,,,,,,,Palindromic nucleotides 5' of the J-segment, ,,integer,,,,
,Number of reads contributing to the consensus for this sequence,consensus_count,consensus_count, ,,,,,,,,consensus_count, ,,,,,,,,,,,,,,,,,,,Number of reads contributing to the consensus for this sequence,, ,,,,,,,Number of reads contributing to the consensus for this sequence, ,,integer,,,,
,Clone assignment for this sequence,clone,clone, ,,,,,,,,clone, ,,,,,,,,,,,,,,,,,,,Clone assignment for this sequence,, ,,,,,,,Clone assignment for this sequence, ,,string,,,,
,,,,,,,junction_aa_length,junction_aa_length,,,,junction_aa_length,Y,,,junction_aa_length,junction_aa_length,junction_aa_length,junction_aa_length,junction_aa_length,junction_aa_length,junction_aa_length,junction_aa_length,junction_aa_length,,,Number of Junction AA ,Junction Length (AA) ,,,,,,,,,,,,,,,,,,,,
,,,,,,seq_id,seq_id,,,,,ir_seq_id,,,,,,,,,,,,,,,seq_id,,,,,,,,,,,,,,,,,,,,,
,,,,,,seq_name,seq_name,,,,,ir_seq_name,,,,,,,,,,,,,,,Sequence Tag,,,,,,,,,,,,,,,,,,,,,
,,,,,,project_sample_id,project_sample_id,,,,,ir_project_sample_id,,,,,,,,,,,,,,,project_sample_id,,,,,,,,,,,,,,,,,,,,,
,,,,,,sequence_id,sequence_id,,,,,ir_sequence_id,,,,,,,,,,,,,,,sequence_id,,,,,,,,,,,,,,,,,,,,,
,,,,,,vgene_string,vgene_string,,,,,ir_vgene_string,,,,,,,,,,,,,,,V-Gene,,,,,,,,,,,,,,,,,,,,,
,,,,,,vgene_family,vgene_family,,,,,ir_vgene_family,,,,,,,,,,,,,,,V-Gene Family,,,,,,,,,,,,,,,,,,,,,
,,,,,,vgene_gene,vgene_gene,,,,,ir_vgene_gene,,,,,,,,,,,,,,,V-Gene Gene,,,,,,,,,,,,,,,,,,,,,
,,,,,,jgene_string,jgene_string,,,,,ir_jgene_string,,,,,,,,,,,,,,,J-Gene,,,,,,,,,,,,,,,,,,,,,
,,,,,,jgene_family,jgene_family,,,,,ir_jgene_family,,,,,,,,,,,,,,,J-Gene Family,,,,,,,,,,,,,,,,,,,,,
,,,,,,jgene_gene,jgene_gene,,,,,ir_jgene_gene,,,,,,,,,,,,,,,J-Gene Gene,,,,,,,,,,,,,,,,,,,,,
,,,,,,dgene_string,dgene_string,,,,,ir_dgene_string,,,,,,,,,,,,,,,D-Gene String,,,,,,,,,,,,,,,,,,,,,
,,,,,,dgene_family,dgene_family,,,,,ir_dgene_family,,,,,,,,,,,,,,,D-Gene Family,,,,,,,,,,,,,,,,,,,,,
,,,,,,dgene_gene,dgene_gene,,,,,ir_dgene_gene,,,,,,,,,,,,,,,D-Gene Gene,,,,,,,,,,,,,,,,,,,,,
,,,,,,functionality,functionality,,,,,ir_functionality,,,,,,,,,,,,,,,Functionality,,,,,,,,,,,,,,,,,,,,,
,,,,,,functionality_comment,functionality_comment,,,,,ir_functionality_comment,,,,,,,,,,,,,,,Functionality Comment,,,,,,,,,,,,,,,,,,,,,
,,,,,,orientation,orientation,,,,,ir_orientation,,,,,,,,,,,,,,,Orientation,,,,,,,,,,,,,,,,,,,,,
,,,,,,vgene_score,vgene_score,,,,,ir_vgene_score,,,,,,,,,,,,,,,V-Gene Score,,,,,,,,,,,,,,,,,,,,,
,,,,,,vgene_probability,vgene_probability,,,,,ir_vgene_probability,,,,,,,,,,,,,,,V-Gene Probability,,,,,,,,,,,,,,,,,,,,,
,,,,,,dregion_reading_frame,dregion_reading_frame,,,,,ir_dregion_reading_frame,,,,,,,,,,,,,,,D Region Reading Frame,,,,,,,,,,,,,,,,,,,,,
,,,,,,cdr1_length,cdr1_length,,,,,ir_cdr1_length,,,,,,,,,,,,,,,CDR1 Length,,,,,,,,,,,,,,,,,,,,,
,,,,,,cdr2_length,cdr2_length,,,,,ir_cdr2_length,,,,,,,,,,,,,,,CDR2 Length,,,,,,,,,,,,,,,,,,,,,
,,,,,,cdr3_length,cdr3_length,,,,,ir_cdr3_length,,,,,,,,,,,,,,,CDR3 Length,,,,,,,,,,,,,,,,,,,,,
,,,,,,vdjregion_sequence_nt,vdjregion_sequence_nt,,,,,ir_vdjregion_sequence_nt,,,,,,,,,,,,,,,VDJ Region NT sequence,,,,,,,,,,,,,,,,,,,,,
,,,,,,vjregion_sequence_nt,vjregion_sequence_nt,,,,,ir_vjregion_sequence_nt,,,,,,,,,,,,,,,VJ Region NT Sequence,,,,,,,,,,,,,,,,,,,,,
,,,,,,djregion_sequence_nt,djregion_sequence_nt,,,,,ir_djregion_sequence_nt,,,,,,,,,,,,,,,DJ Region NT Sequence,,,,,,,,,,,,,,,,,,,,,
,,,,,,vregion_sequence_nt,vregion_sequence_nt,,,,,ir_vregion_sequence_nt,,,,,,,,,,,,,,,V Region NT Sequence,,,,,,,,,,,,,,,,,,,,,
,,,,,,jregion_sequence_nt,jregion_sequence_nt,,,,,ir_jregion_sequence_nt,,,,,,,,,,,,,,,J Region NT Sequence,,,,,,,,,,,,,,,,,,,,,
,,,,,,dregion_sequence_nt,dregion_sequence_nt,,,,,ir_dregion_sequence_nt,,,,,,,,,,,,,,,D Region NT Sequence,,,,,,,,,,,,,,,,,,,,,
,,,,,,fr1region_sequence_nt,fr1region_sequence_nt,,,,,ir_fr1region_sequence_nt,,,,,,,,,,,,,,,FR1 Region NT Sequence,,,,,,,,,,,,,,,,,,,,,
,,,,,,fr2region_sequence_nt,fr2region_sequence_nt,,,,,ir_fr2region_sequence_nt,,,,,,,,,,,,,,,FR2 Region NT Sequence,,,,,,,,,,,,,,,,,,,,,
,,,,,,fr3region_sequence_nt,fr3region_sequence_nt,,,,,ir_fr3region_sequence_nt,,,,,,,,,,,,,,,FR3 Region NT Sequence,,,,,,,,,,,,,,,,,,,,,
,,,,,,fr4region_sequence_nt,fr4region_sequence_nt,,,,,ir_fr4region_sequence_nt,,,,,,,,,,,,,,,FR4 Region NT Sequence,,,,,,,,,,,,,,,,,,,,,
,,,,,,cdr1region_sequence_nt,cdr1region_sequence_nt,,,,,ir_cdr1region_sequence_nt,,,,,,,,,,,,,,,CDR1 Region NT Sequence,,,,,,,,,,,,,,,,,,,,,
,,,,,,cdr2region_sequence_nt,cdr2region_sequence_nt,,,,,ir_cdr2region_sequence_nt,,,,,,,,,,,,,,,CDR2 Region NT Sequence,,,,,,,,,,,,,,,,,,,,,
,,,,,,cdr3region_sequence_nt,cdr3region_sequence_nt,,,,,ir_cdr3region_sequence_nt,,,,,,,,,,,,,,,CDR3 Region Sequence,,,,,,,,,,,,,,,,,,,,,
,,,,,,vdjregion_sequence_nt_gapped,vdjregion_sequence_nt_gapped,,,,,ir_vdjregion_sequence_nt_gapped,,,,,,,,,,,,,,,VDJ Region Gapped NT Sequence,,,,,,,,,,,,,,,,,,,,,
,,,,,,vjregion_sequence_nt_gapped,vjregion_sequence_nt_gapped,,,,,ir_vjregion_sequence_nt_gapped,,,,,,,,,,,,,,,VJ Region Gapped NT Sequence,,,,,,,,,,,,,,,,,,,,,
,,,,,,vregion_sequence_nt_gapped,vregion_sequence_nt_gapped,,,,,ir_vregion_sequence_nt_gapped,,,,,,,,,,,,,,,V Region Gapped NT Sequence,,,,,,,,,,,,,,,,,,,,,
,,,,,,jregion_sequence_nt_gapped,jregion_sequence_nt_gapped,,,,,ir_jregion_sequence_nt_gapped,,,,,,,,,,,,,,,Jregion Gapped NT Sequence,,,,,,,,,,,,,,,,,,,,,
,,,,,,dregion_sequence_nt_gapped,dregion_sequence_nt_gapped,,,,,ir_dregion_sequence_nt_gapped,,,,,,,,,,,,,,,D Region Gapped NT Sequence,,,,,,,,,,,,,,,,,,,,,
,,,,,,fr1region_sequence_nt_gapped,fr1region_sequence_nt_gapped,,,,,ir_fr1region_sequence_nt_gapped,,,,,,,,,,,,,,,FR1 Region Gapped NT Sequence,,,,,,,,,,,,,,,,,,,,,
,,,,,,fr2region_sequence_nt_gapped,fr2region_sequence_nt_gapped,,,,,ir_fr2region_sequence_nt_gapped,,,,,,,,,,,,,,,FR2 Region Gapped NT Sequence,,,,,,,,,,,,,,,,,,,,,
,,,,,,fr3region_sequence_nt_gapped,fr3region_sequence_nt_gapped,,,,,ir_fr3region_sequence_nt_gapped,,,,,,,,,,,,,,,FR3 Region Gapped NT Sequence,,,,,,,,,,,,,,,,,,,,,
,,,,,,fr4region_sequence_nt_gapped,fr4region_sequence_nt_gapped,,,,,ir_fr4region_sequence_nt_gapped,,,,,,,,,,,,,,,FR4 Region Gapped NT Sequence,,,,,,,,,,,,,,,,,,,,,
,,,,,,cdr1region_sequence_nt_gapped,cdr1region_sequence_nt_gapped,,,,,ir_cdr1region_sequence_nt_gapped,,,,,,,,,,,,,,,CDR1 Region Gapped NT Sequence,,,,,,,,,,,,,,,,,,,,,
,,,,,,cdr2region_sequence_nt_gapped,cdr2region_sequence_nt_gapped,,,,,ir_cdr2region_sequence_nt_gapped,,,,,,,,,,,,,,,CDR2 Region Gapped NT Sequence,,,,,,,,,,,,,,,,,,,,,
,,,,,,cdr3region_sequence_nt_gapped,cdr3region_sequence_nt_gapped,,,,,ir_cdr3region_sequence_nt_gapped,,,,,,,,,,,,,,,CDR3 Region Gapped NT Sequence,,,,,,,,,,,,,,,,,,,,,
,,,,,,junction_sequence_nt_gapped,junction_sequence_nt_gapped,,,,,ir_junction_sequence_nt_gapped,,,,,,,,,,,,,,,Junction Gapped NT Sequence,,,,,,,,,,,,,,,,,,,,,
,,,,,,vdjregion_sequence_aa,vdjregion_sequence_aa,,,,,ir_vdjregion_sequence_aa,,,,,,,,,,,,,,,VDJ Region AA Sequence,,,,,,,,,,,,,,,,,,,,,
,,,,,,vjregion_sequence_aa,vjregion_sequence_aa,,,,,ir_vjregion_sequence_aa,,,,,,,,,,,,,,,VJ Region AA Sequence,,,,,,,,,,,,,,,,,,,,,
,,,,,,vregion_sequence_aa,vregion_sequence_aa,,,,,ir_vregion_sequence_aa,,,,,,,,,,,,,,,V Region AA Sequence,,,,,,,,,,,,,,,,,,,,,
,,,,,,jregion_sequence_aa,jregion_sequence_aa,,,,,ir_jregion_sequence_aa,,,,,,,,,,,,,,,J Region AA Sequence,,,,,,,,,,,,,,,,,,,,,
,,,,,,fr1region_sequence_aa,fr1region_sequence_aa,,,,,ir_fr1region_sequence_aa,,,,,,,,,,,,,,,FR1 Region AA Sequence,,,,,,,,,,,,,,,,,,,,,
,,,,,,fr2region_sequence_aa,fr2region_sequence_aa,,,,,ir_fr2region_sequence_aa,,,,,,,,,,,,,,,FR2 Region AA Sequence,,,,,,,,,,,,,,,,,,,,,
,,,,,,fr3region_sequence_aa,fr3region_sequence_aa,,,,,ir_fr3region_sequence_aa,,,,,,,,,,,,,,,FR3 Region AA Sequence,,,,,,,,,,,,,,,,,,,,,
,,,,,,fr4region_sequence_aa,fr4region_sequence_aa,,,,,ir_fr4region_sequence_aa,,,,,,,,,,,,,,,FR4 Region AA Sequence,,,,,,,,,,,,,,,,,,,,,
,,,,,,cdr1region_sequence_aa,cdr1region_sequence_aa,,,,,ir_cdr1region_sequence_aa,,,,,,,,,,,,,,,CDR1 Region AA Sequence,,,,,,,,,,,,,,,,,,,,,
,,,,,,cdr2region_sequence_aa,cdr2region_sequence_aa,,,,,ir_cdr2region_sequence_aa,,,,,,,,,,,,,,,CDR2 Region AA Sequence,,,,,,,,,,,,,,,,,,,,,
,,,,,,cdr3region_sequence_aa,cdr3region_sequence_aa,,,,,ir_cdr3region_sequence_aa,,,,,,,,,,,,,,,CDR3 Region AA Sequence,,,,,,,,,,,,,,,,,,,,,
,,,,,,vdjregion_sequence_aa_gapped,vdjregion_sequence_aa_gapped,,,,,ir_vdjregion_sequence_aa_gapped,,,,,,,,,,,,,,,VDJ Region Gapped AA Sequence,,,,,,,,,,,,,,,,,,,,,
,,,,,,vjregion_sequence_aa_gapped,vjregion_sequence_aa_gapped,,,,,ir_vjregion_sequence_aa_gapped,,,,,,,,,,,,,,,VJ Region Gapped AA Sequence,,,,,,,,,,,,,,,,,,,,,
,,,,,,vregion_sequence_aa_gapped,vregion_sequence_aa_gapped,,,,,ir_vregion_sequence_aa_gapped,,,,,,,,,,,,,,,V Region Gapped AA Sequence,,,,,,,,,,,,,,,,,,,,,
,,,,,,jregion_sequence_aa_gapped,jregion_sequence_aa_gapped,,,,,ir_jregion_sequence_aa_gapped,,,,,,,,,,,,,,,J Region Gapped AA Sequence,,,,,,,,,,,,,,,,,,,,,
,,,,,,fr1region_sequence_aa_gapped,fr1region_sequence_aa_gapped,,,,,ir_fr1region_sequence_aa_gapped,,,,,,,,,,,,,,,FR1 Region Gapped AA Sequence,,,,,,,,,,,,,,,,,,,,,
,,,,,,fr2region_sequence_aa_gapped,fr2region_sequence_aa_gapped,,,,,ir_fr2region_sequence_aa_gapped,,,,,,,,,,,,,,,FR2 Region Gapped AA Sequence,,,,,,,,,,,,,,,,,,,,,
,,,,,,fr3region_sequence_aa_gapped,fr3region_sequence_aa_gapped,,,,,ir_fr3region_sequence_aa_gapped,,,,,,,,,,,,,,,FR3 Region Gapped AA Sequence,,,,,,,,,,,,,,,,,,,,,
,,,,,,fr4region_sequence_aa_gapped,fr4region_sequence_aa_gapped,,,,,ir_fr4region_sequence_aa_gapped,,,,,,,,,,,,,,,FR4 Region Gapped AA Sequence,,,,,,,,,,,,,,,,,,,,,
,,,,,,cdr1region_sequence_aa_gapped,cdr1region_sequence_aa_gapped,,,,,ir_cdr1region_sequence_aa_gapped,,,,,,,,,,,,,,,CDR1 Region Gapped AA Sequence,,,,,,,,,,,,,,,,,,,,,
,,,,,,cdr2region_sequence_aa_gapped,cdr2region_sequence_aa_gapped,,,,,ir_cdr2region_sequence_aa_gapped,,,,,,,,,,,,,,,CDR2 Region Gapped AA Sequence,,,,,,,,,,,,,,,,,,,,,
,,,,,,cdr3region_sequence_aa_gapped,cdr3region_sequence_aa_gapped,,,,,ir_cdr3region_sequence_aa_gapped,,,,,,,,,,,,,,,CDR3 Region Gapped AA Sequence,,,,,,,,,,,,,,,,,,,,,
,,,,,,junction_sequence_aa_gapped,junction_sequence_aa_gapped,,,,,ir_junction_sequence_aa_gapped,,,,,,,,,,,,,,,Junction Gapped AA Sequence,,,,,,,,,,,,,,,,,,,,,
,,,,,,vdjregion_start,vdjregion_start,,,,,ir_vdjregion_start,,,,,,,,,,,,,,,VDJ Region Start Offset,,,,,,,,,,,,,,,,,,,,,
,,,,,,vdjregion_end,vdjregion_end,,,,,ir_vdjregion_end,,,,,,,,,,,,,,,VDJ Region End Offset,,,,,,,,,,,,,,,,,,,,,
,,,,,,vjregion_start,vjregion_start,,,,,ir_vjregion_start,,,,,,,,,,,,,,,VJ Region Start Offset,,,,,,,,,,,,,,,,,,,,,
,,,,,,vjregion_end,vjregion_end,,,,,ir_vjregion_end,,,,,,,,,,,,,,,VJ Region End Offset,,,,,,,,,,,,,,,,,,,,,
,,,,,,djregion_start,djregion_start,,,,,ir_djregion_start,,,,,,,,,,,,,,,DJ Region Start Offset,,,,,,,,,,,,,,,,,,,,,
,,,,,,djregion_end,djregion_end,,,,,ir_djregion_end,,,,,,,,,,,,,,,DJ Region End Offset,,,,,,,,,,,,,,,,,,,,,
,,,,,,junction_start,junction_start,,,,,ir_junction_start,,,,,,,,,,,,,,,Junction Start Offset,,,,,,,,,,,,,,,,,,,,,
,,,,,,junction_end,junction_end,,,,,ir_junction_end,,,,,,,,,,,,,,,Junction End Offset,,,,,,,,,,,,,,,,,,,,,
,,,,,,vregion_mutation_string,vregion_mutation_string,,,,,ir_vregion_mutation_string,,,,,,,,,,,,,,,V Region Mutation String,,,,,,,,,,,,,,,,,,,,,
,,,,,,fr1region_mutation_string,fr1region_mutation_string,,,,,ir_fr1region_mutation_string,,,,,,,,,,,,,,,FR1 Region Mutation String,,,,,,,,,,,,,,,,,,,,,
,,,,,,fr2region_mutation_string,fr2region_mutation_string,,,,,ir_fr2region_mutation_string,,,,,,,,,,,,,,,FR2 Region Mutation String,,,,,,,,,,,,,,,,,,,,,
,,,,,,fr3region_mutation_string,fr3region_mutation_string,,,,,ir_fr3region_mutation_string,,,,,,,,,,,,,,,FR3 Region Mutation String,,,,,,,,,,,,,,,,,,,,,
,,,,,,cdr1region_mutation_string,cdr1region_mutation_string,,,,,ir_cdr1region_mutation_string,,,,,,,,,,,,,,,CDR1 Region Mutation String,,,,,,,,,,,,,,,,,,,,,
,,,,,,cdr2region_mutation_string,cdr2region_mutation_string,,,,,ir_cdr2region_mutation_string,,,,,,,,,,,,,,,CDR2 Region Mutation String,,,,,,,,,,,,,,,,,,,,,
,,,,,,cdr3region_mutation_string,cdr3region_mutation_string,,,,,ir_cdr3region_mutation_string,,,,,,,,,,,,,,,CDR3 Region Mutation String,,,,,,,,,,,,,,,,,,,,,
,,,,,,annotation_tool,annotation_tool,,,,,ir_annotation_tool,,,,,,,,,,,,,,,Annotation Tool,,,,,,,,,,,,,,,,,,,,,